[
  {
    "palabra": "Abombar",
    "significado": "To annoy, tire out, or overwhelm",
    "ejemplo": "Shut up, you already have me abombao with so much noise.",
    "region_id": 1,
    "nombre_archivo": "Abombar.mp3"
  },
  {
    "palabra": "Abollar",
    "significado": "To mistreat, beat, or hit",
    "ejemplo": "Just relax with me, I'm not going to abollar you.",
    "region_id": 1,
    "nombre_archivo": "Abollar.mp3"
  },
  {
    "palabra": "Aceitar",
    "significado": "To bribe or give money to speed something up",
    "ejemplo": "We have to aceitar the guard so he lets us in.",
    "region_id": 1,
    "nombre_archivo": "Aceitar.mp3"
  },
  {
    "palabra": "Achacar",
    "significado": "To blame someone",
    "ejemplo": "Don't achaque me, I didn't do it.",
    "region_id": 1,
    "nombre_archivo": "Achacar.mp3"
  },
  {
    "palabra": "Achacoso",
    "significado": "Sickly person or someone who always complains",
    "ejemplo": "My uncle is achacoso with that flu.",
    "region_id": 1,
    "nombre_archivo": "Achacoso.mp3"
  },
  {
    "palabra": "Acolitar",
    "significado": "To help or accompany",
    "ejemplo": "Acolita with a coin for the bus.",
    "region_id": 1,
    "nombre_archivo": "Acolitar.mp3"
  },
  {
    "palabra": "Aculao",
    "significado": "Scared or intimidated",
    "ejemplo": "He stood aculao when he saw the dog.",
    "region_id": 1,
    "nombre_archivo": "Aculao.mp3"
  },
  {
    "palabra": "Agachadito",
    "significado": "Street food stall",
    "ejemplo": "Let's go eat at the agachadito on the corner.",
    "region_id": 1,
    "nombre_archivo": "Agachadito.mp3"
  },
  {
    "palabra": "Aguaje",
    "significado": "Boasting or high tide",
    "ejemplo": "That guy is purely aguaje.",
    "region_id": 1,
    "nombre_archivo": "Aguaje.mp3"
  },
  {
    "palabra": "Agüevao",
    "significado": "Scared or dumb",
    "ejemplo": "Don't be agüevao and jump into the water.",
    "region_id": 1,
    "nombre_archivo": "Aguevao.mp3"
  },
  {
    "palabra": "Alfombra",
    "significado": "Person dominated by their partner",
    "ejemplo": "The alfombra doesn't go out since he got married.",
    "region_id": 1,
    "nombre_archivo": "Alfombra.mp3"
  },
  {
    "palabra": "Amorfino",
    "significado": "Popular verse of love and humor",
    "ejemplo": "Grandpa recited an amorfino.",
    "region_id": 1,
    "nombre_archivo": "Amorfino.mp3"
  },
  {
    "palabra": "Anoa",
    "significado": "Canoe",
    "ejemplo": "Get in the anoa to cross the river.",
    "region_id": 1,
    "nombre_archivo": "Anoa.mp3"
  },
  {
    "palabra": "Arrecho",
    "significado": "Brave or determined",
    "ejemplo": "That guy is arrecho for work.",
    "region_id": 1,
    "nombre_archivo": "Arrecho.mp3"
  },
  {
    "palabra": "Bagre",
    "significado": "Ugly person",
    "ejemplo": "That guy is dating a bagre.",
    "region_id": 1,
    "nombre_archivo": "Bagre.mp3"
  },
  {
    "palabra": "Bajón",
    "significado": "Hunger after drinking",
    "ejemplo": "Let's go for an encebollado for the bajón.",
    "region_id": 1,
    "nombre_archivo": "Bajón.mp3"
  },
  {
    "palabra": "Baladrón",
    "significado": "Abusive or show-off",
    "ejemplo": "He is a baladrón who only shouts.",
    "region_id": 1,
    "nombre_archivo": "Baladron.mp3"
  },
  {
    "palabra": "Balambú",
    "significado": "Physically weak",
    "ejemplo": "He turned out to be balambú to carry that.",
    "region_id": 1,
    "nombre_archivo": "Balambu.mp3"
  },
  {
    "palabra": "Baliza",
    "significado": "Strong confrontation or fight",
    "ejemplo": "A baliza started in the neighborhood.",
    "region_id": 1,
    "nombre_archivo": "Baliza.mp3"
  },
  {
    "palabra": "Balsoso",
    "significado": "Lightweight",
    "ejemplo": "The package was balsoso.",
    "region_id": 1,
    "nombre_archivo": "Balsoso.mp3"
  },
  {
    "palabra": "Balurdo",
    "significado": "Of bad quality",
    "ejemplo": "That movie was balurda.",
    "region_id": 1,
    "nombre_archivo": "Balurdo.mp3"
  },
  {
    "palabra": "Bamboya",
    "significado": "False appearance",
    "ejemplo": "That body is pure bamboya.",
    "region_id": 1,
    "nombre_archivo": "Bamboya.mp3"
  },
  {
    "palabra": "Bambudo",
    "significado": "Very fat",
    "ejemplo": "You are already bambudo.",
    "region_id": 1,
    "nombre_archivo": "Bambudo.mp3"
  },
  {
    "palabra": "Banderearse",
    "significado": "To show off",
    "ejemplo": "He was bandereándose with his girlfriend.",
    "region_id": 1,
    "nombre_archivo": "Bamderearse.mp3"
  },
  {
    "palabra": "Barajar",
    "significado": "To leave or scram",
    "ejemplo": "I barajo before the police arrive.",
    "region_id": 1,
    "nombre_archivo": "Barajar.mp3"
  },
  {
    "palabra": "Bartolo",
    "significado": "Dumb or careless",
    "ejemplo": "Don't be bartolo.",
    "region_id": 1,
    "nombre_archivo": "Bartolo.mp3"
  },
  {
    "palabra": "Batracio",
    "significado": "Vulgar person",
    "ejemplo": "He looks so batracio.",
    "region_id": 1,
    "nombre_archivo": "Batracio.mp3"
  },
  {
    "palabra": "Berrinchoso",
    "significado": "Tantrum-thrower",
    "ejemplo": "The child became berrinchoso.",
    "region_id": 1,
    "nombre_archivo": "Berrichoso.mp3"
  },
  {
    "palabra": "Biela",
    "significado": "Beer",
    "ejemplo": "Pass me a biela.",
    "region_id": 1,
    "nombre_archivo": "Biela.mp3"
  },
  {
    "palabra": "Billeteao",
    "significado": "With a lot of money",
    "ejemplo": "The neighbor is billeteao.",
    "region_id": 1,
    "nombre_archivo": "Billeteao.mp3"
  },
  {
    "palabra": "Bochinche",
    "significado": "Gossip or fight",
    "ejemplo": "The bochinche started.",
    "region_id": 1,
    "nombre_archivo": "Bochinche.mp3"
  },
  {
    "palabra": "Bochinchero",
    "significado": "Gossipy person",
    "ejemplo": "That neighbor is bochinchera.",
    "region_id": 1,
    "nombre_archivo": "Bochinchero.mp3"
  },
  {
    "palabra": "Bolón",
    "significado": "Plantain ball",
    "ejemplo": "The bolón cannot be missing.",
    "region_id": 1,
    "nombre_archivo": "Bolon.mp3"
  },
  {
    "palabra": "Bolsón",
    "significado": "Clumsy",
    "ejemplo": "What a bolsón you are.",
    "region_id": 1,
    "nombre_archivo": "Bolson.mp3"
  },
  {
    "palabra": "Bomba",
    "significado": "Drunkenness",
    "ejemplo": "We had a bomba.",
    "region_id": 1,
    "nombre_archivo": "Bomba.mp3"
  },
  {
    "palabra": "Bongo",
    "significado": "Large canoe",
    "ejemplo": "They loaded the plantain in the bongo.",
    "region_id": 1,
    "nombre_archivo": "Bongo.mp3"
  },
  {
    "palabra": "Bonguero",
    "significado": "Person who drives the bongo",
    "ejemplo": "The bonguero knows the river.",
    "region_id": 1,
    "nombre_archivo": "Bonguero.mp3"
  },
  {
    "palabra": "Boquear",
    "significado": "To agonize",
    "ejemplo": "The fish was boqueando.",
    "region_id": 1,
    "nombre_archivo": "Boquear.mp3"
  },
  {
    "palabra": "Boquiflojo",
    "significado": "Snitch or loose-lipped",
    "ejemplo": "Don't tell anything to that boquiflojo.",
    "region_id": 1,
    "nombre_archivo": "Boquiflojo.mp3"
  },
  {
    "palabra": "Boquisucio",
    "significado": "Foul-mouthed",
    "ejemplo": "That child is boquisucio.",
    "region_id": 1,
    "nombre_archivo": "Boquisucio.mp3"
  },
  {
    "palabra": "Broder",
    "significado": "Friend",
    "ejemplo": "Speak, broder.",
    "region_id": 1,
    "nombre_archivo": "Broder.mp3"
  },
  {
    "palabra": "Brujo",
    "significado": "Informal vendor",
    "ejemplo": "Buy from the brujo.",
    "region_id": 1,
    "nombre_archivo": "Brujo.mp3"
  },
  {
    "palabra": "Bullerengue",
    "significado": "Noise or party",
    "ejemplo": "The bullerengue started.",
    "region_id": 1,
    "nombre_archivo": "Bullerengue.mp3"
  },
  {
    "palabra": "Bunde",
    "significado": "Party",
    "ejemplo": "They went to a bunde.",
    "region_id": 1,
    "nombre_archivo": "Bunde.mp3"
  },
  {
    "palabra": "Buscabulla",
    "significado": "Troublemaker",
    "ejemplo": "He is a buscabulla.",
    "region_id": 1,
    "nombre_archivo": "Buscabulla.mp3"
  },
  {
    "palabra": "Cabrearse",
    "significado": "To get angry",
    "ejemplo": "I already cabreé.",
    "region_id": 1,
    "nombre_archivo": "Cabrearse.mp3"
  },
  {
    "palabra": "Cacao",
    "significado": "To ask for forgiveness",
    "ejemplo": "They were already asking for cacao.",
    "region_id": 1,
    "nombre_archivo": "Cacao.mp3"
  },
  {
    "palabra": "Caché",
    "significado": "Elegance",
    "ejemplo": "One has their caché.",
    "region_id": 1,
    "nombre_archivo": "Caché.mp3"
  },
  {
    "palabra": "Cachina",
    "significado": "Clothes",
    "ejemplo": "I put on the new cachina.",
    "region_id": 1,
    "nombre_archivo": "Cachina.mp3"
  },
  {
    "palabra": "Cachueliar",
    "significado": "Temporary jobs",
    "ejemplo": "I am cachueliando.",
    "region_id": 1,
    "nombre_archivo": "Cachueliar.mp3"
  },
  {
    "palabra": "Caída",
    "significado": "Visit",
    "ejemplo": "I'll pay you a caída later.",
    "region_id": 1,
    "nombre_archivo": "Caida.mp3"
  },
  {
    "palabra": "Calilla",
    "significado": "Intense person",
    "ejemplo": "That child is calilla.",
    "region_id": 1,
    "nombre_archivo": "Calilla.mp3"
  },
  {
    "palabra": "Camaronear",
    "significado": "To fish for shrimp",
    "ejemplo": "They went to camaronear.",
    "region_id": 1,
    "nombre_archivo": "Camaronear.mp3"
  },
  {
    "palabra": "Camello",
    "significado": "Work",
    "ejemplo": "I have full camello.",
    "region_id": 1,
    "nombre_archivo": "Camello.mp3"
  },
  {
    "palabra": "Cana",
    "significado": "Jail or police",
    "ejemplo": "They took him to the cana.",
    "region_id": 1,
    "nombre_archivo": "Cana.mp3"
  },
  {
    "palabra": "Candela",
    "significado": "Dangerous",
    "ejemplo": "That boy is candela.",
    "region_id": 1,
    "nombre_archivo": "Candela.mp3"
  },
  {
    "palabra": "Cangrejada",
    "significado": "Gathering to eat crabs",
    "ejemplo": "There is a cangrejada on Sunday.",
    "region_id": 1,
    "nombre_archivo": "Cangrejada.mp3"
  },
  {
    "palabra": "Capiro",
    "significado": "Peasant",
    "ejemplo": "They treated him like a capiro.",
    "region_id": 1,
    "nombre_archivo": "Capiro.mp3"
  },
  {
    "palabra": "Caramelear",
    "significado": "To deceive with words",
    "ejemplo": "Don't caramelear me.",
    "region_id": 1,
    "nombre_archivo": "Caramelear.mp3"
  },
  {
    "palabra": "Carebolsa",
    "significado": "Insult",
    "ejemplo": "Move it, carebolsa.",
    "region_id": 1,
    "nombre_archivo": "Carebolsa.mp3"
  },
  {
    "palabra": "Caretuco",
    "significado": "Shameless",
    "ejemplo": "That caretuco doesn't pay.",
    "region_id": 1,
    "nombre_archivo": "Caretuco.mp3"
  },
  {
    "palabra": "Cargarse",
    "significado": "To annoy",
    "ejemplo": "Don't cargue me.",
    "region_id": 1,
    "nombre_archivo": "Cargarse.mp3"
  },
  {
    "palabra": "Cargoso",
    "significado": "Annoying",
    "ejemplo": "He is very cargoso.",
    "region_id": 1,
    "nombre_archivo": "Cargoso.mp3"
  },
  {
    "palabra": "Cariacontecío",
    "significado": "Sad",
    "ejemplo": "He is walking around cariacontecío.",
    "region_id": 1,
    "nombre_archivo": "Cariacontecio.mp3"
  },
  {
    "palabra": "Cariamarrao",
    "significado": "Bad tempered",
    "ejemplo": "He always walks around cariamarrao.",
    "region_id": 1,
    "nombre_archivo": "Cariamarrao.mp3"
  },
  {
    "palabra": "Cariserio",
    "significado": "Serious",
    "ejemplo": "He got cariserio.",
    "region_id": 1,
    "nombre_archivo": "Cariserio.mp3"
  },
  {
    "palabra": "Casito",
    "significado": "Almost",
    "ejemplo": "Casito I fall.",
    "region_id": 1,
    "nombre_archivo": "Casito.mp3"
  },
  {
    "palabra": "Chamba",
    "significado": "Puddle or mud",
    "ejemplo": "I got dirty in the chamba.",
    "region_id": 1,
    "nombre_archivo": "Chamba.mp3"
  },
  {
    "palabra": "Chanchullo",
    "significado": "Illegal business",
    "ejemplo": "There is chanchullo here.",
    "region_id": 1,
    "nombre_archivo": "Chamchullo.mp3"
  },
  {
    "palabra": "Chancuco",
    "significado": "Cheap liquor",
    "ejemplo": "Let's go for a chancuco.",
    "region_id": 1,
    "nombre_archivo": "Chancuco.mp3"
  },
  {
    "palabra": "Chantar",
    "significado": "To put",
    "ejemplo": "I chanté the shirt on him.",
    "region_id": 1,
    "nombre_archivo": "Chantar.mp3"
  },
  {
    "palabra": "Charlón",
    "significado": "Liar",
    "ejemplo": "They are very charlones.",
    "region_id": 1,
    "nombre_archivo": "Charlón.mp3"
  },
  {
    "palabra": "Chaucha",
    "significado": "Small job",
    "ejemplo": "I'm going to do some chauchas.",
    "region_id": 1,
    "nombre_archivo": "Chaucha.mp3"
  },
  {
    "palabra": "Chendo",
    "significado": "Joke",
    "ejemplo": "It's chendo.",
    "region_id": 1,
    "nombre_archivo": "Chendo.mp3"
  },
  {
    "palabra": "Chévere",
    "significado": "Nice or excellent",
    "ejemplo": "Everything was chévere.",
    "region_id": 1,
    "nombre_archivo": "Chévere.mp3"
  },
  {
    "palabra": "Chichorias",
    "significado": "Snacks or treats",
    "ejemplo": "Let's go for chichorias.",
    "region_id": 1,
    "nombre_archivo": "Chichorias.mp3"
  },
  {
    "palabra": "Chifle",
    "significado": "Fried plantain",
    "ejemplo": "Add more chifle.",
    "region_id": 1,
    "nombre_archivo": "Chifle.mp3"
  },
  {
    "palabra": "Chillao",
    "significado": "Angry",
    "ejemplo": "He is chillao.",
    "region_id": 1,
    "nombre_archivo": "Chillao.mp3"
  },
  {
    "palabra": "Chin",
    "significado": "A little",
    "ejemplo": "Add a chin of salt.",
    "region_id": 1,
    "nombre_archivo": "Chin.mp3"
  },
  {
    "palabra": "Chinear",
    "significado": "To assault",
    "ejemplo": "They tried to chinear a man.",
    "region_id": 1,
    "nombre_archivo": "Chinear.mp3"
  },
  {
    "palabra": "Chiro",
    "significado": "Without money",
    "ejemplo": "I ended up chiro.",
    "region_id": 1,
    "nombre_archivo": "Chiro.mp3"
  },
  {
    "palabra": "Chirona",
    "significado": "Jail",
    "ejemplo": "They sent him to the chirona.",
    "region_id": 1,
    "nombre_archivo": "Chirona.mp3"
  },
  {
    "palabra": "Cholo",
    "significado": "Coastal mestizo",
    "ejemplo": "The cholo fisherman.",
    "region_id": 1,
    "nombre_archivo": "Cholo.mp3"
  },
  {
    "palabra": "Chorear",
    "significado": "To rob",
    "ejemplo": "He wanted to chorear a cellphone.",
    "region_id": 1,
    "nombre_archivo": "Chorear.mp3"
  },
  {
    "palabra": "Choro",
    "significado": "Thief",
    "ejemplo": "They captured the choro.",
    "region_id": 1,
    "nombre_archivo": "Choro.mp3"
  },
  {
    "palabra": "Chupe",
    "significado": "Party",
    "ejemplo": "The chupe started.",
    "region_id": 1,
    "nombre_archivo": "Chupe.mp3"
  },
  {
    "palabra": "Chuzos",
    "significado": "Shoes",
    "ejemplo": "I bought new chuzos.",
    "region_id": 1,
    "nombre_archivo": "Chuzos.mp3"
  },
  {
    "palabra": "Cochambroso",
    "significado": "Dirty",
    "ejemplo": "The room was cochambroso.",
    "region_id": 1,
    "nombre_archivo": "Cochambroso.mp3"
  },
  {
    "palabra": "Cocobol",
    "significado": "Big-headed",
    "ejemplo": "The baby was born cocobol.",
    "region_id": 1,
    "nombre_archivo": "Cocobol.mp3"
  },
  {
    "palabra": "Cocopelao",
    "significado": "Bald",
    "ejemplo": "I ended up cocopelao.",
    "region_id": 1,
    "nombre_archivo": "Cocopelao.mp3"
  },
  {
    "palabra": "Coico",
    "significado": "Recruit",
    "ejemplo": "He went as a coico.",
    "region_id": 1,
    "nombre_archivo": "Coico.mp3"
  },
  {
    "palabra": "Colorado",
    "significado": "Redhead",
    "ejemplo": "The colorado sells coconut.",
    "region_id": 1,
    "nombre_archivo": "Colorado.mp3"
  },
  {
    "palabra": "Corvi",
    "significado": "Corviche",
    "ejemplo": "Give me a corvi.",
    "region_id": 1,
    "nombre_archivo": "Corvi.mp3"
  },
  {
    "palabra": "Crane",
    "significado": "Head",
    "ejemplo": "Use the crane.",
    "region_id": 1,
    "nombre_archivo": "Crane.mp3"
  },
  {
    "palabra": "Culebra",
    "significado": "Debt",
    "ejemplo": "The culebra is coming.",
    "region_id": 1,
    "nombre_archivo": "Culebra.mp3"
  },
  {
    "palabra": "Curtido",
    "significado": "Salad",
    "ejemplo": "Put curtido on it.",
    "region_id": 1,
    "nombre_archivo": "Curtido.mp3"
  },
  {
    "palabra": "Dañao",
    "significado": "Bad person",
    "ejemplo": "That guy is dañao.",
    "region_id": 1,
    "nombre_archivo": "Dañao.mp3"
  },
  {
    "palabra": "Dar el vire",
    "significado": "To kill or die",
    "ejemplo": "Careful they don't dan el vire to you.",
    "region_id": 1,
    "nombre_archivo": "Dar el vire.mp3"
  },
  {
    "palabra": "Darse",
    "significado": "To fight",
    "ejemplo": "Let's go darse.",
    "region_id": 1,
    "nombre_archivo": "Darse.mp3"
  },
  {
    "palabra": "Desabrido",
    "significado": "Tasteless",
    "ejemplo": "It is desabrido.",
    "region_id": 1,
    "nombre_archivo": "Desabrido.mp3"
  },
  {
    "palabra": "Desmandar",
    "significado": "To misbehave",
    "ejemplo": "I desmandé.",
    "region_id": 1,
    "nombre_archivo": "Desmandar.mp3"
  },
  {
    "palabra": "Destrampar",
    "significado": "To go wild",
    "ejemplo": "They started to destrampar.",
    "region_id": 1,
    "nombre_archivo": "Destrampar.mp3"
  },
  {
    "palabra": "Diablazo",
    "significado": "Blow or hit",
    "ejemplo": "I'll give you your diablazo.",
    "region_id": 1,
    "nombre_archivo": "Diablazo.mp3"
  },
  {
    "palabra": "Diablura",
    "significado": "Mischief",
    "ejemplo": "They did a diablurada.",
    "region_id": 1,
    "nombre_archivo": "Diablura.mp3"
  },
  {
    "palabra": "Drogo",
    "significado": "Addict",
    "ejemplo": "That park has drogos.",
    "region_id": 1,
    "nombre_archivo": "Drogo.mp3"
  },
  {
    "palabra": "Echarse",
    "significado": "To sleep",
    "ejemplo": "Échese for a while.",
    "region_id": 1,
    "nombre_archivo": "Echarse.mp3"
  },
  {
    "palabra": "Embalao",
    "significado": "Accelerated",
    "ejemplo": "You are going embalao.",
    "region_id": 1,
    "nombre_archivo": "Embalao.mp3"
  },
  {
    "palabra": "Embarrar",
    "significado": "To ruin",
    "ejemplo": "You embarraste it.",
    "region_id": 1,
    "nombre_archivo": "Embarrar.mp3"
  },
  {
    "palabra": "Embarcar",
    "significado": "To deceive",
    "ejemplo": "They embarcaron me.",
    "region_id": 1,
    "nombre_archivo": "Embarcar.mp3"
  },
  {
    "palabra": "Empanizao",
    "significado": "Dirty",
    "ejemplo": "I arrived empanizao.",
    "region_id": 1,
    "nombre_archivo": "Empanizao.mp3"
  },
  {
    "palabra": "Emperrao",
    "significado": "Angry",
    "ejemplo": "He is emperrao.",
    "region_id": 1,
    "nombre_archivo": "Emperrao.mp3"
  },
  {
    "palabra": "Empipao",
    "significado": "Full",
    "ejemplo": "I am empipao.",
    "region_id": 1,
    "nombre_archivo": "Empipao.mp3"
  },
  {
    "palabra": "Enbolatao",
    "significado": "Confused",
    "ejemplo": "I am enbolatao.",
    "region_id": 1,
    "nombre_archivo": "Embolatao.mp3"
  },
  {
    "palabra": "Encachinao",
    "significado": "Elegant",
    "ejemplo": "I'm going encachinao.",
    "region_id": 1,
    "nombre_archivo": "Encachinao.mp3"
  },
  {
    "palabra": "Encebollado",
    "significado": "Typical soup",
    "ejemplo": "The encebollado is great.",
    "region_id": 1,
    "nombre_archivo": "Encebollado.mp3"
  },
  {
    "palabra": "Encanao",
    "significado": "Preso",
    "ejemplo": "He is encanao.",
    "region_id": 1,
    "nombre_archivo": "Encanao.mp3"
  },
  {
    "palabra": "Engrupido",
    "significado": "Creído",
    "ejemplo": "He is being engrupido.",
    "region_id": 1,
    "nombre_archivo": "Engrupido.mp3"
  },
  {
    "palabra": "Foco",
    "significado": "Vergüenza",
    "ejemplo": "What foco.",
    "region_id": 1,
    "nombre_archivo": "Foco.mp3"
  },
  {
    "palabra": "Gambas",
    "significado": "Legs",
    "ejemplo": "What good gambas.",
    "region_id": 1,
    "nombre_archivo": "Gambas.mp3"
  },
  {
    "palabra": "Guacharnaco",
    "significado": "Badly dressed",
    "ejemplo": "Don't be guacharnaco.",
    "region_id": 1,
    "nombre_archivo": "Guacharnaco.mp3"
  },
  {
    "palabra": "Guatita",
    "significado": "Typical dish",
    "ejemplo": "The guatita is delicious.",
    "region_id": 1,
    "nombre_archivo": "Guatita.mp3"
  },
  {
    "palabra": "Guayaco",
    "significado": "From Guayaquil",
    "ejemplo": "The guayaco is smart.",
    "region_id": 1,
    "nombre_archivo": "Guayaco.mp3"
  },
  {
    "palabra": "Hueso",
    "significado": "Boring",
    "ejemplo": "The party was hueso.",
    "region_id": 1,
    "nombre_archivo": "Hueso.mp3"
  },
  {
    "palabra": "Jama",
    "significado": "Food",
    "ejemplo": "Let's go for the jama.",
    "region_id": 1,
    "nombre_archivo": "Jama.mp3"
  },
  {
    "palabra": "Jamear",
    "significado": "To eat",
    "ejemplo": "We went to jamear.",
    "region_id": 1,
    "nombre_archivo": "Jamear.mp3"
  },
  {
    "palabra": "Jeva",
    "significado": "Girlfriend",
    "ejemplo": "That is his jeva.",
    "region_id": 1,
    "nombre_archivo": "Jeva.mp3"
  },
  {
    "palabra": "Lámpara",
    "significado": "Apparent",
    "ejemplo": "That neighborhood is lámpara.",
    "region_id": 1,
    "nombre_archivo": "Lámpara.mp3"
  },
  {
    "palabra": "Lata",
    "significado": "Coins",
    "ejemplo": "Lend me a lata.",
    "region_id": 1,
    "nombre_archivo": "Lata.mp3"
  },
  {
    "palabra": "Lenteja",
    "significado": "Slow",
    "ejemplo": "You are lenteja.",
    "region_id": 1,
    "nombre_archivo": "Lenteja.mp3"
  },
  {
    "palabra": "Llanta",
    "significado": "Body fat",
    "ejemplo": "I have llanta.",
    "region_id": 1,
    "nombre_archivo": "Llanta.mp3"
  },
  {
    "palabra": "Luca",
    "significado": "Thousand dollars",
    "ejemplo": "It cost five lucas.",
    "region_id": 1,
    "nombre_archivo": "Luca.mp3"
  },
  {
    "palabra": "Mijo",
    "significado": "Affection",
    "ejemplo": "Come here, mijo.",
    "region_id": 1,
    "nombre_archivo": "Mijo.mp3"
  },
  {
    "palabra": "Moje",
    "significado": "Bribe",
    "ejemplo": "He asked for the moje.",
    "region_id": 1,
    "nombre_archivo": "Moje.mp3"
  },
  {
    "palabra": "Montuvio",
    "significado": "Coastal peasant",
    "ejemplo": "The montuvio sings amorfinos.",
    "region_id": 1,
    "nombre_archivo": "Montuvio.mp3"
  },
  {
    "palabra": "Mosca",
    "significado": "Attentive",
    "ejemplo": "Get mosca.",
    "region_id": 1,
    "nombre_archivo": "Mosca.mp3"
  },
  {
    "palabra": "Ñengoso",
    "significado": "Street",
    "ejemplo": "He dresses ñengoso.",
    "region_id": 1,
    "nombre_archivo": "Ñengoso.mp3"
  },
  {
    "palabra": "Once",
    "significado": "Afternoon meal",
    "ejemplo": "Let's go to the once.",
    "region_id": 1,
    "nombre_archivo": "Once.mp3"
  },
  {
    "palabra": "Palanqueo",
    "significado": "Influence",
    "ejemplo": "He got in by palanqueo.",
    "region_id": 1,
    "nombre_archivo": "Palanqueo.mp3"
  },
  {
    "palabra": "Papeo",
    "significado": "Abundant food",
    "ejemplo": "What good papeo.",
    "region_id": 1,
    "nombre_archivo": "Papeo.mp3"
  },
  {
    "palabra": "Paro",
    "significado": "Lie",
    "ejemplo": "Don't give me paro.",
    "region_id": 1,
    "nombre_archivo": "Paro.mp3"
  },
  {
    "palabra": "Pelada",
    "significado": "Girl",
    "ejemplo": "That pelada dances well.",
    "region_id": 1,
    "nombre_archivo": "Pelada.mp3"
  },
  {
    "palabra": "Pelucón",
    "significado": "Wealthy person",
    "ejemplo": "He lives like a pelucón.",
    "region_id": 1,
    "nombre_archivo": "Pelucon.mp3"
  },
  {
    "palabra": "Pilas",
    "significado": "Intelligent",
    "ejemplo": "That boy is pilas.",
    "region_id": 1,
    "nombre_archivo": "Pilas.mp3"
  },
  {
    "palabra": "Pitear",
    "significado": "To honk",
    "ejemplo": "The car started to pitear.",
    "region_id": 1,
    "nombre_archivo": "Pitear.mp3"
  },
  {
    "palabra": "Polla",
    "significado": "Exam copy",
    "ejemplo": "He had the polla.",
    "region_id": 1,
    "nombre_archivo": "Polla.mp3"
  },
  {
    "palabra": "Posi",
    "significado": "Yes",
    "ejemplo": "Everything posi.",
    "region_id": 1,
    "nombre_archivo": "Posi.mp3"
  },
  {
    "palabra": "Puesto",
    "significado": "Drogado",
    "ejemplo": "He is puesto.",
    "region_id": 1,
    "nombre_archivo": "Puesto.mp3"
  },
  {
    "palabra": "Ruquear",
    "significado": "To sleep",
    "ejemplo": "I'm going to ruquear.",
    "region_id": 1,
    "nombre_archivo": "Ruquear.mp3"
  },
  {
    "palabra": "Salsero",
    "significado": "Salsa lover",
    "ejemplo": "He is very salsero.",
    "region_id": 1,
    "nombre_archivo": "Salsero.mp3"
  },
  {
    "palabra": "Sapada",
    "significado": "Viveza",
    "ejemplo": "They pulled a sapada on him.",
    "region_id": 1,
    "nombre_archivo": "Sapada.mp3"
  },
  {
    "palabra": "Sapo",
    "significado": "Soplón",
    "ejemplo": "Don't be sapo.",
    "region_id": 1,
    "nombre_archivo": "Sapo.mp3"
  },
  {
    "palabra": "Sota",
    "significado": "Ten dollars",
    "ejemplo": "Lend me a sota.",
    "region_id": 1,
    "nombre_archivo": "Sota.mp3"
  },
  {
    "palabra": "Tarrinazo",
    "significado": "Food in tarrina",
    "ejemplo": "They handed out tarrinazo.",
    "region_id": 1,
    "nombre_archivo": "Tarrinazo.mp3"
  },
  {
    "palabra": "Tigrillo",
    "significado": "Typical dish",
    "ejemplo": "We ate tigrillo.",
    "region_id": 1,
    "nombre_archivo": "Tigrillo.mp3"
  },
  {
    "palabra": "Tuco",
    "significado": "Strong",
    "ejemplo": "He is very tuco.",
    "region_id": 1,
    "nombre_archivo": "Tuco.mp3"
  },
  {
    "palabra": "Vacilar",
    "significado": "To flirt",
    "ejemplo": "They went to vacilar.",
    "region_id": 1,
    "nombre_archivo": "Vacilar.mp3"
  },
  {
    "palabra": "Varas",
    "significado": "Dollars",
    "ejemplo": "Lend me twenty varas.",
    "region_id": 1,
    "nombre_archivo": "Varas.mp3"
  },
  {
    "palabra": "Viche",
    "significado": "Manabita soup",
    "ejemplo": "The viche is delicious.",
    "region_id": 1,
    "nombre_archivo": "Viche.mp3"
  }
]